{"name":"Tiny Sweeper","short_name":"Tiny Sweeper","description":"Smallest possible Mine Sweeper clone","icons":[{"src":"https://albs-br.github.io/tiny-sweeper/AppImages/ios/192.png","type":"image/png","purpose":"any maskable","sizes":"192x192"},{"src":"https://albs-br.github.io/tiny-sweeper/AppImages/ios/512.png","type":"image/png","purpose":"any maskable","sizes":"512x512"}],"start_url":"/tiny-sweeper/","lang":"en-US","display":"standalone","background_color":"#C0C0C0","theme_color":"#C0C0C0"}